{"cameraMode":{"drawMode":0,"name":"Shaded","section":"Shading Mode"},"sceneLighting":true,"audioPlay":false,"sceneViewState":{"showFog":true,"showMaterialUpdate":true,"showSkybox":true,"showFlares":true,"showImageEffects":true,"showParticleSystems":true},"in2DMode":false,"pivot":{"x":0.4762449264526367,"y":0.49816036224365237,"z":1.2004871368408204},"rotation":{"x":-0.08145508915185929,"y":0.9067867398262024,"z":-0.3588305115699768,"w":-0.20581944286823274},"size":17.31948471069336,"orthographic":false}